Sunday,5:00,VP
Sunday,5:45,CFO
Sunday,6:30,CJ
Sunday,7:15,CEO
Sunday,12:00,VP
Sunday,12:45,CFO
Sunday,13:30,CJ
Sunday,14:15,CEO
Sunday,16:00,VP
Sunday,16:45,CFO
Sunday,17:30,CJ
Sunday,18:15,CEO
Sunday,19:15,VP
Sunday,20:00,CFO
Sunday,20:45,CJ
Sunday,21:30,CEO
Monday,5:00,CEO
Monday,6:00,VP
Monday,6:45,CFO
Monday,7:30,CJ
Monday,12:00,CEO
Monday,13:00,VP
Monday,13:45,CFO
Monday,14:30,CJ
Monday,18:00,CEO
Monday,19:00,VP
Monday,19:45,CFO
Monday,20:30,CJ
Tuesday,5:00,VP
Tuesday,5:45,CFO
Tuesday,6:30,CJ
Tuesday,7:15,CEO
Tuesday,9:00,VP
Tuesday,9:45,CFO
Tuesday,10:30,CJ
Tuesday,11:15,CEO
Tuesday,15:00,VP
Tuesday,15:45,CFO
Tuesday,16:30,CJ
Tuesday,17:15,CEO
Tuesday,19:00,VP
Tuesday,19:45,CFO
Tuesday,20:30,CJ
Tuesday,21:15,CEO
Wednesday,5:00,CEO
Wednesday,6:00,VP
Wednesday,6:45,CFO
Wednesday,7:30,CJ
Wednesday,11:00,CEO
Wednesday,12:00,VP
Wednesday,12:45,CFO
Wednesday,13:30,CJ
Wednesday,15:00,CEO
Wednesday,16:00,VP
Wednesday,16:45,CFO
Wednesday,17:30,CJ
Wednesday,18:15,CEO
Wednesday,19:15,VP
Wednesday,20:00,CFO
Wednesday,20:45,CJ
Thursday,5:00,CJ
Thursday,5:45,CEO
Thursday,6:45,VP
Thursday,7:30,CFO
Thursday,11:00,CJ
Thursday,11:45,CEO
Thursday,12:45,VP
Thursday,13:30,CFO
Thursday,16:00,CJ
Thursday,16:45,CEO
Thursday,17:45,VP
Thursday,18:30,CFO
Thursday,19:30,CJ
Thursday,20:15,CEO
Thursday,21:15,VP
Thursday,22:00,CFO
Friday,5:00,CFO
Friday,5:45,CJ
Friday,6:30,CEO
Friday,7:30,VP
Friday,11:00,CFO
Friday,11:45,CJ
Friday,12:30,CEO
Friday,13:30,VP
Friday,16:00,CFO
Friday,16:45,CJ
Friday,17:30,CEO
Friday,18:30,VP
Friday,19:30,CFO
Friday,20:15,CJ
Friday,21:00,CEO
Friday,22:00,VP
Saturday,5:00,CJ
Saturday,5:45,CEO
Saturday,6:45,VP
Saturday,7:30,CFO
Saturday,9:00,CJ
Saturday,9:45,CEO
Saturday,10:45,VP
Saturday,11:30,CFO
Saturday,12:15,CJ
Saturday,13:00,CEO
Saturday,14:00,VP
Saturday,14:45,CFO
Saturday,16:00,CJ
Saturday,16:45,CEO
Saturday,17:45,VP
Saturday,18:30,CFO
Saturday,19:30,CJ
Saturday,20:15,CEO
Saturday,21:15,VP
Saturday,22:00,CFO
